<?xml version="1.0" encoding="UTF-8"?>
<project-private xmlns="http://www.netbeans.org/ns/project-private/1">
    <editor-bookmarks xmlns="http://www.netbeans.org/ns/editor-bookmarks/2" lastBookmarkId="0"/>
    <open-files xmlns="http://www.netbeans.org/ns/projectui-open-files/2">
        <group>
            <file>file:/C:/wamp64/www/br1819/vue/contact.php</file>
            <file>file:/C:/wamp64/www/br1819/vue/presentation.php</file>
            <file>file:/C:/wamp64/www/br1819/style/style.css</file>
            <file>file:/C:/wamp64/www/br1819/vue/head.php</file>
            <file>file:/C:/wamp64/www/br1819/vue/projets.php</file>
            <file>file:/C:/wamp64/www/br1819/index.php</file>
            <file>file:/C:/wamp64/www/br1819/controleur/main.php</file>
            <file>file:/C:/wamp64/www/br1819/vue/main.php</file>
        </group>
    </open-files>
</project-private>
